匹配键(supplier|品名|金额|数量),组内份数(recon+exnew),recon_fix_id,recon_budget_order_id,recon_订单号,recon_订单status,recon_供应商,recon_品名,recon_金额,recon_数量,recon_source_id,exnew_id,exnew_budget_order_id,exnew_订单号,exnew_订单status,exnew_供应商,exnew_品名,exnew_金额,exnew_数量,exnew_source_id,是否draft订单涉及
优彩包装 | 圆形吊牌COZY PANT | 371.8 | 18590,2,00795de0-f456-4741-8605-62737d05e624,50dc6eae-0366-4c1a-867a-4992725b22a5,BO-202607-0055,draft,优彩包装,圆形吊牌COZY PANT,371.8,18590,"{""sheet"":""544"",""note"":""纠正性重导入-类目差额补漏""}",861df287-cd9d-4c45-accf-d52ccac0ba44,39cbf523-912f-4fe7-a880-35927da2cda8,544,draft,优彩包装,圆形吊牌COZY PANT,371.8,18590,544,Y
品泰服饰 | R0412J92-00 | 69948 | 4824,3,06078618-fd6e-4c14-94b6-299c50ec8558,b73d8e1b-7991-4306-aacb-caf3c4f561a8,BO-202607-0059,draft,品泰服饰,R0412J92-00,69948,4824,"{""sheet"":""527"",""note"":""纠正性重导入-类目差额补漏""}",4c60cb50-bc5d-4081-872d-10c87f40d5b9,b3f16d05-8e6d-4cdc-a550-6766d4202180,Invoice72（1022944订单）,draft,品泰服饰,R0412J92-00,69948,4824,Invoice72（1022944订单）,Y
品泰服饰 | R0412J92-00 | 69948 | 4824,3,06078618-fd6e-4c14-94b6-299c50ec8558,b73d8e1b-7991-4306-aacb-caf3c4f561a8,BO-202607-0059,draft,品泰服饰,R0412J92-00,69948,4824,"{""sheet"":""527"",""note"":""纠正性重导入-类目差额补漏""}",f3390723-832d-4d46-b9c1-fa487b7a7cf8,c3e11ec6-1826-43f6-a6ab-7a1c65565db5,527,draft,品泰服饰,R0412J92-00,69948,4824,527,Y
中阳烫标 | 烫标 | 769.5 | 8550,2,0613cc82-f1ba-4734-a8db-a4f89e6cbc3e,50dc6eae-0366-4c1a-867a-4992725b22a5,BO-202607-0055,draft,中阳烫标,烫标,769.5,8550,"{""sheet"":""544"",""note"":""纠正性重导入-类目差额补漏""}",3cc860d7-d4c8-4b3a-9f1c-7d6708034102,39cbf523-912f-4fe7-a880-35927da2cda8,544,draft,中阳烫标,烫标,769.5,8550,544,Y
锦丰布行 | 庄园蓝 | 20462.06 | 878.2,2,07aa0885-7def-431a-891e-91020ae432fd,5ebce63e-6067-4e0a-89ee-1cf91ea87854,BO-202607-0060,draft,锦丰布行,庄园蓝,20462.06,878.2,"{""sheet"":""540"",""note"":""纠正性重导入-类目差额补漏""}",81ec7356-6a28-430d-a1c7-7e6f98a55033,dbe9d8e6-49c6-4ff7-9491-48c8220582b7,540,draft,锦丰布行,庄园蓝,20462.06,878.2,540,Y
宁波言晨国际物流有限公司 | CI-54货代费 | 6755 | 0,2,081d269a-100c-43c9-8fa4-89a132af4ddd,b3d428de-1f20-46ff-9ea8-34062f60f990,BO-202604-0068,approved,宁波言晨国际物流有限公司,CI-54货代费,6755,0,"{""sheet"":""510"",""note"":""纠正性重导入-类目差额补漏""}",b3d7b30c-13d7-4015-baee-be6f957396e3,ed08b921-c4d1-45ca-ac82-f5ca4733e6ae,510,draft,宁波言晨国际物流有限公司,CI-54货代费,6755,0,510,Y
荣辰纸箱 | 65*42*33纸箱 | 923 | 142,2,0829af33-0301-4432-bd2f-c32c0266c4bb,9dd2b839-70a2-417e-8108-82d58b06b403,BO-202607-0054,draft,荣辰纸箱,65*42*33纸箱,923,142,"{""sheet"":""544B"",""note"":""纠正性重导入-类目差额补漏""}",01b5a33c-439a-4cc7-b607-ed91b271ddd1,8388b1a2-7993-4650-8085-402eb3029616,544B,draft,荣辰纸箱,65*42*33纸箱,923,142,544B,Y
中阳印刷 | LOVE烫标 | 880.2 | 9780,2,0a6ef6c1-a6d9-4f8d-9f37-10182468b37b,b73d8e1b-7991-4306-aacb-caf3c4f561a8,BO-202607-0059,draft,中阳印刷,LOVE烫标,880.2,9780,"{""sheet"":""527"",""note"":""纠正性重导入-类目差额补漏""}",fe7132b8-cc03-456f-85cd-7771caebfab2,c3e11ec6-1826-43f6-a6ab-7a1c65565db5,527,draft,中阳印刷,LOVE烫标,880.2,9780,527,Y
佳荣织带 | 织带和染色费 | 527.28 | 0,2,0cb309bf-cc3e-4c97-a8fa-02df5d1a6aa0,5ebce63e-6067-4e0a-89ee-1cf91ea87854,BO-202607-0060,draft,佳荣织带,织带和染色费,527.28,0,"{""sheet"":""540"",""note"":""纠正性重导入-类目差额补漏""}",914e8fd6-1941-4278-a6e9-a2e349c9adcc,dbe9d8e6-49c6-4ff7-9491-48c8220582b7,540,draft,佳荣织带,织带和染色费,527.28,0,540,Y
连云港中伟塑料制品有限公司 | 衣架1.15+尺码粒0.03 | 2159.4 | 1830,2,0d793047-586f-4ac2-82f0-7697de7e2d3f,5ebce63e-6067-4e0a-89ee-1cf91ea87854,BO-202607-0060,draft,连云港中伟塑料制品有限公司,衣架1.15+尺码粒0.03,2159.4,1830,"{""sheet"":""540"",""note"":""纠正性重导入-类目差额补漏""}",4ed90818-6ff4-4ce7-bae0-bb0534f5b8b8,dbe9d8e6-49c6-4ff7-9491-48c8220582b7,540,draft,连云港中伟塑料制品有限公司,衣架1.15+尺码粒0.03,2159.4,1830,540,Y
傲狐服饰 | 0609P22-00喇叭裤 | 18480 | 2640,2,10cbd301-87c4-4955-8e42-3084ed1ac08a,50dc6eae-0366-4c1a-867a-4992725b22a5,BO-202607-0055,draft,傲狐服饰,0609P22-00喇叭裤,18480,2640,"{""sheet"":""544"",""note"":""纠正性重导入-类目差额补漏""}",0111a869-a00d-4a38-b64f-72514792c73a,39cbf523-912f-4fe7-a880-35927da2cda8,544,draft,傲狐服饰,0609P22-00喇叭裤,18480,2640,544,Y
优彩包装 | 8款吊卡 | 3272.26 | 62928,2,1132a109-0656-4c51-9142-45c1f5238f7f,c32efeb8-2f55-4976-8aa1-e5d6c113509c,BO-202607-0056,draft,优彩包装,8款吊卡,3272.26,62928,"{""sheet"":""542"",""note"":""纠正性重导入-类目差额补漏""}",7f7874dd-0bde-4daa-8cf7-d5c0ce19c417,8fb1bf1c-cb67-4851-bb25-bf7727293dc8,542,draft,优彩包装,8款吊卡,3272.26,62928,542,Y
品泰服饰 | R0412J92-89 | 17748 | 1224,3,11eeca24-67ca-4529-aa4d-8c55c4c42762,b73d8e1b-7991-4306-aacb-caf3c4f561a8,BO-202607-0059,draft,品泰服饰,R0412J92-89,17748,1224,"{""sheet"":""527"",""note"":""纠正性重导入-类目差额补漏""}",0294c9e6-e176-4cc8-a814-50d0a39fc573,c3e11ec6-1826-43f6-a6ab-7a1c65565db5,527,draft,品泰服饰,R0412J92-89,17748,1224,527,Y
品泰服饰 | R0412J92-89 | 17748 | 1224,3,11eeca24-67ca-4529-aa4d-8c55c4c42762,b73d8e1b-7991-4306-aacb-caf3c4f561a8,BO-202607-0059,draft,品泰服饰,R0412J92-89,17748,1224,"{""sheet"":""527"",""note"":""纠正性重导入-类目差额补漏""}",e4d1fca3-c09c-4981-9b90-49e8428d4757,b3f16d05-8e6d-4cdc-a550-6766d4202180,Invoice72（1022944订单）,draft,品泰服饰,R0412J92-89,17748,1224,Invoice72（1022944订单）,Y
纺冠网纱 | 黑色网纱 | 2648.6 | 101.87,3,12f6a332-3896-4b2e-8271-eacf3897f38f,50dc6eae-0366-4c1a-867a-4992725b22a5,BO-202607-0055,draft,纺冠网纱,黑色网纱,2648.6,101.87,"{""sheet"":""544"",""note"":""纠正性重导入-类目差额补漏""}",43b285b5-44ae-4634-b17b-a299cb047d0f,a1ee9913-708a-4ce9-b654-1162fa1dfe5e,545,draft,纺冠网纱,黑色网纱,2648.6,101.87,545,Y
纺冠网纱 | 黑色网纱 | 2648.6 | 101.87,3,12f6a332-3896-4b2e-8271-eacf3897f38f,50dc6eae-0366-4c1a-867a-4992725b22a5,BO-202607-0055,draft,纺冠网纱,黑色网纱,2648.6,101.87,"{""sheet"":""544"",""note"":""纠正性重导入-类目差额补漏""}",8c996145-09f0-4c89-bcf6-ee3eb299c60e,39cbf523-912f-4fe7-a880-35927da2cda8,544,draft,纺冠网纱,黑色网纱,2648.6,101.87,544,Y
中阳烫标 | 烫标 | 615.6 | 6840,2,1590c720-a900-463a-aeb9-66928b4636e7,9dd2b839-70a2-417e-8108-82d58b06b403,BO-202607-0054,draft,中阳烫标,烫标,615.6,6840,"{""sheet"":""544B"",""note"":""纠正性重导入-类目差额补漏""}",65cc61e5-f19b-4999-b369-de9427bb087a,8388b1a2-7993-4650-8085-402eb3029616,544B,draft,中阳烫标,烫标,615.6,6840,544B,Y
优彩包装 | 32款吊牌 | 4776.32 | 70240,2,15d3be86-677d-4ecd-a9bd-33a31c19f53e,a5b2ee36-94a4-41de-a1aa-4718a2124d09,BO-202607-0053,draft,优彩包装,32款吊牌,4776.32,70240,"{""sheet"":""545"",""note"":""纠正性重导入-类目差额补漏""}",51cf959b-a813-49a5-8471-61e00156adf4,a1ee9913-708a-4ce9-b654-1162fa1dfe5e,545,draft,优彩包装,32款吊牌,4776.32,70240,545,Y
3360 | 0109KP20-00247喇叭裤2条装 | 40320 | 3360,2,18dc44ac-9dac-49b9-b281-fba6066cc010,9dd2b839-70a2-417e-8108-82d58b06b403,BO-202607-0054,draft,3360,0109KP20-00247喇叭裤2条装,40320,3360,"{""sheet"":""544B"",""note"":""纠正性重导入-类目差额补漏""}",6574a8e1-552d-4bd4-9018-e9b83d5e5ab1,8388b1a2-7993-4650-8085-402eb3029616,544B,draft,3360,0109KP20-00247喇叭裤2条装,40320,3360,544B,Y
锦丰布行 | 深海蓝 | 25856.01 | 1109.7,2,192755e7-151b-407d-85fe-d23f66f934aa,5ebce63e-6067-4e0a-89ee-1cf91ea87854,BO-202607-0060,draft,锦丰布行,深海蓝,25856.01,1109.7,"{""sheet"":""540"",""note"":""纠正性重导入-类目差额补漏""}",37a979c0-a31f-4268-841f-6612795eef68,dbe9d8e6-49c6-4ff7-9491-48c8220582b7,540,draft,锦丰布行,深海蓝,25856.01,1109.7,540,Y
傲狐服饰 | 0609P24-00喇叭裤 | 65664 | 9120,2,1962f292-a5cf-4af2-8ac2-e056f48c27b1,50dc6eae-0366-4c1a-867a-4992725b22a5,BO-202607-0055,draft,傲狐服饰,0609P24-00喇叭裤,65664,9120,"{""sheet"":""544"",""note"":""纠正性重导入-类目差额补漏""}",1d41be2c-8605-462f-a7c6-2b7f2639653f,39cbf523-912f-4fe7-a880-35927da2cda8,544,draft,傲狐服饰,0609P24-00喇叭裤,65664,9120,544,Y
荣辰纸箱 | 58*35*42纸箱 | 1577.6 | 272,2,19903e8c-632f-40de-8b5a-8a550b70d9c4,b73d8e1b-7991-4306-aacb-caf3c4f561a8,BO-202607-0059,draft,荣辰纸箱,58*35*42纸箱,1577.6,272,"{""sheet"":""527"",""note"":""纠正性重导入-类目差额补漏""}",676b2ed1-7d48-478a-a052-a68395fb6b40,c3e11ec6-1826-43f6-a6ab-7a1c65565db5,527,draft,荣辰纸箱,58*35*42纸箱,1577.6,272,527,Y
顺龙拉链 | 5号黑色拉链 | 3648.75 | 4865,2,1a3edb3f-a941-4e8c-bd14-ab1774600b99,b73d8e1b-7991-4306-aacb-caf3c4f561a8,BO-202607-0059,draft,顺龙拉链,5号黑色拉链,3648.75,4865,"{""sheet"":""527"",""note"":""纠正性重导入-类目差额补漏""}",c612349c-730a-4dd6-bbe7-d6db03b60361,c3e11ec6-1826-43f6-a6ab-7a1c65565db5,527,draft,顺龙拉链,5号黑色拉链,3648.75,4865,527,Y
华航布行 | 海军蓝 | 48788.35 | 2076.1,2,1a3fccba-3db4-4342-8952-3836fd08ced5,896c0189-ca9c-4850-a59c-3119585c93d2,BO-202607-0057,draft,华航布行,海军蓝,48788.35,2076.1,"{""sheet"":""543B"",""note"":""纠正性重导入-类目差额补漏""}",1eb0f37a-bc71-4cf2-82ca-1adf8046f15d,d3b7cdd6-c01d-4590-b3cc-312dbeaff59b,543B,draft,华航布行,海军蓝,48788.35,2076.1,543B,Y
 | CI-57装柜费 | 48 | 0,2,1a47617a-2ede-4b33-8616-7f916834ad66,20ba2afd-afdb-42d4-8b41-f86dc37f8eee,BO-202604-0018,draft,,CI-57装柜费,48,0,"{""sheet"":""518"",""note"":""纠正性重导入-类目差额补漏""}",2c49d8d6-85b6-4260-baa9-7d90a85f0e86,eabb1b9c-1a21-4cb3-b496-44a5c81e67d3,518,draft,,CI-57装柜费,48,0,518,Y
旺泽布行 | 黑色色纱 | 341664 | 14236,2,1d740dae-ae8b-4b65-944e-e1e94fb3faa0,a5b2ee36-94a4-41de-a1aa-4718a2124d09,BO-202607-0053,draft,旺泽布行,黑色色纱,341664,14236,"{""sheet"":""545"",""note"":""纠正性重导入-类目差额补漏""}",0975407f-3ebf-40f2-aae8-08b590c08c50,a1ee9913-708a-4ce9-b654-1162fa1dfe5e,545,draft,旺泽布行,黑色色纱,341664,14236,545,Y
楚逸织带 | 透明皮 | 135 | 5,2,1d82fe39-e87b-4e12-9a99-8b395e5aa6a3,b73d8e1b-7991-4306-aacb-caf3c4f561a8,BO-202607-0059,draft,楚逸织带,透明皮,135,5,"{""sheet"":""527"",""note"":""纠正性重导入-类目差额补漏""}",b39c704f-6064-413d-931a-f15b2c8d201a,c3e11ec6-1826-43f6-a6ab-7a1c65565db5,527,draft,楚逸织带,透明皮,135,5,527,Y
锦丰布行 | 丈青 | 16310 | 700,2,1db7d08e-44fd-4c83-9459-ab10c5aab250,5ebce63e-6067-4e0a-89ee-1cf91ea87854,BO-202607-0060,draft,锦丰布行,丈青,16310,700,"{""sheet"":""540"",""note"":""纠正性重导入-类目差额补漏""}",dd3b6756-e299-4743-a810-e432b8712768,dbe9d8e6-49c6-4ff7-9491-48c8220582b7,540,draft,锦丰布行,丈青,16310,700,540,Y
顺龙拉链 | 墨绿3号拉链 | 1872 | 10400,2,2043c046-2a49-4b95-948d-b6ba43970919,c32efeb8-2f55-4976-8aa1-e5d6c113509c,BO-202607-0056,draft,顺龙拉链,墨绿3号拉链,1872,10400,"{""sheet"":""542"",""note"":""纠正性重导入-类目差额补漏""}",770dde67-d8fa-4363-85ac-e8b7a410deb6,8fb1bf1c-cb67-4851-bb25-bf7727293dc8,542,draft,顺龙拉链,墨绿3号拉链,1872,10400,542,Y
小陈制袋 | 中包袋46*43+8 | 651 | 3100,2,20a61642-758a-46f7-9cde-08a031b498fb,50dc6eae-0366-4c1a-867a-4992725b22a5,BO-202607-0055,draft,小陈制袋,中包袋46*43+8,651,3100,"{""sheet"":""544"",""note"":""纠正性重导入-类目差额补漏""}",16e96796-b3f7-42f7-a75f-bbdec6cad966,39cbf523-912f-4fe7-a880-35927da2cda8,544,draft,小陈制袋,中包袋46*43+8,651,3100,544,Y
 | 装柜费 | 800 | 0,3,2286cdcb-735b-4c50-89fa-be8d09fe9338,c32efeb8-2f55-4976-8aa1-e5d6c113509c,BO-202607-0056,draft,,装柜费,800,0,"{""sheet"":""542"",""note"":""纠正性重导入-类目差额补漏""}",21f4f385-0ffa-48ca-aef5-634d7882b77b,8fb1bf1c-cb67-4851-bb25-bf7727293dc8,542,draft,,装柜费,800,0,542,Y
 | 装柜费 | 800 | 0,3,2286cdcb-735b-4c50-89fa-be8d09fe9338,c32efeb8-2f55-4976-8aa1-e5d6c113509c,BO-202607-0056,draft,,装柜费,800,0,"{""sheet"":""542"",""note"":""纠正性重导入-类目差额补漏""}",3624e03a-f9c3-4182-b019-93f6e1d47407,d80a3fd9-2f3f-48c5-8dda-41d3c1ca5439,NO.1022857-539#,draft,,装柜费,800,0,NO.1022857-539#,Y
傲狐服饰 | 0609P23-00喇叭裤 | 26880 | 3840,2,26b88089-53ab-471e-8ea3-6b94203fa78b,50dc6eae-0366-4c1a-867a-4992725b22a5,BO-202607-0055,draft,傲狐服饰,0609P23-00喇叭裤,26880,3840,"{""sheet"":""544"",""note"":""纠正性重导入-类目差额补漏""}",c33e3555-2013-4241-b486-040e25e05e38,39cbf523-912f-4fe7-a880-35927da2cda8,544,draft,傲狐服饰,0609P23-00喇叭裤,26880,3840,544,Y
傲狐服饰 | 0107KL14-00171 | 74649.6 | 5184,2,285406de-c86b-47e9-9533-604be4c7746e,c32efeb8-2f55-4976-8aa1-e5d6c113509c,BO-202607-0056,draft,傲狐服饰,0107KL14-00171,74649.6,5184,"{""sheet"":""542"",""note"":""纠正性重导入-类目差额补漏""}",25f56c84-e059-4b0b-9de9-c84a0ac3b346,8fb1bf1c-cb67-4851-bb25-bf7727293dc8,542,draft,傲狐服饰,0107KL14-00171,74649.6,5184,542,Y
华航布行 | 深紫 | 31781.4 | 1352.4,2,28eb033b-4036-4bb0-ab96-a923f1a27256,9dd2b839-70a2-417e-8108-82d58b06b403,BO-202607-0054,draft,华航布行,深紫,31781.4,1352.4,"{""sheet"":""544B"",""note"":""纠正性重导入-类目差额补漏""}",698ffddc-9a04-417e-96db-3fefdf11e15e,8388b1a2-7993-4650-8085-402eb3029616,544B,draft,华航布行,深紫,31781.4,1352.4,544B,Y
纺冠网纱 | 海报棕网纱 | 5220.8 | 200.8,2,293e49ac-992f-4a15-b412-a1f6bb2273be,a5b2ee36-94a4-41de-a1aa-4718a2124d09,BO-202607-0053,draft,纺冠网纱,海报棕网纱,5220.8,200.8,"{""sheet"":""545"",""note"":""纠正性重导入-类目差额补漏""}",aff9745f-1102-4980-b566-aaa883b0b4fb,a1ee9913-708a-4ce9-b654-1162fa1dfe5e,545,draft,纺冠网纱,海报棕网纱,5220.8,200.8,545,Y
华航布行 | 黑色 | 45676.75 | 2124.5,2,29fa984a-00c3-4e40-b7c9-c1ecc0f35a2a,b73d8e1b-7991-4306-aacb-caf3c4f561a8,BO-202607-0059,draft,华航布行,黑色,45676.75,2124.5,"{""sheet"":""527"",""note"":""纠正性重导入-类目差额补漏""}",a93865f7-7169-4f7b-bf0d-b3fff5f52871,c3e11ec6-1826-43f6-a6ab-7a1c65565db5,527,draft,华航布行,黑色,45676.75,2124.5,527,Y
优彩包装 | 16款吊卡 | 1294.72 | 19040,2,2db30cc5-65e8-4c82-8d7f-e15297ff9ea7,50dc6eae-0366-4c1a-867a-4992725b22a5,BO-202607-0055,draft,优彩包装,16款吊卡,1294.72,19040,"{""sheet"":""544"",""note"":""纠正性重导入-类目差额补漏""}",7ae39812-5a4e-4fb4-8eb9-e85bf6e5decc,39cbf523-912f-4fe7-a880-35927da2cda8,544,draft,优彩包装,16款吊卡,1294.72,19040,544,Y
宁波言晨国际物流有限公司 | CI-54货代费 | 4200 | 0,2,3252850d-d9fc-4c4a-a089-b5f092afe558,c8cd1a87-d1be-400e-9b19-99177acac0f7,BO-202604-0002,approved,宁波言晨国际物流有限公司,CI-54货代费,4200,0,"{""sheet"":""511"",""note"":""纠正性重导入-类目差额补漏""}",ae6fdb8c-5d95-4827-b4c4-139f5668905b,ccdbeb13-710e-4d2e-b0ee-f63cd7c295a9,511,draft,宁波言晨国际物流有限公司,CI-54货代费,4200,0,511,Y
中阳烫标 | 烫标 | 882.9 | 9810,2,34471b3b-1775-4e69-b65b-8a9ed419db82,50dc6eae-0366-4c1a-867a-4992725b22a5,BO-202607-0055,draft,中阳烫标,烫标,882.9,9810,"{""sheet"":""544"",""note"":""纠正性重导入-类目差额补漏""}",e69578f0-4b9e-46fa-8541-6bcf3cbd10c7,39cbf523-912f-4fe7-a880-35927da2cda8,544,draft,中阳烫标,烫标,882.9,9810,544,Y
旺泽布行 | 赤红色 | 25737.5 | 1029.5,2,35c94e5f-bf5d-4b66-b924-756193dcb6bb,a5b2ee36-94a4-41de-a1aa-4718a2124d09,BO-202607-0053,draft,旺泽布行,赤红色,25737.5,1029.5,"{""sheet"":""545"",""note"":""纠正性重导入-类目差额补漏""}",221c7d93-2a73-4efe-9b16-dfe9d92e1897,a1ee9913-708a-4ce9-b654-1162fa1dfe5e,545,draft,旺泽布行,赤红色,25737.5,1029.5,545,Y
华航布行 | 蕨棕 | 13019 | 554,2,3ab9b2eb-9e0e-4146-a7a7-296e3b9455ed,b73d8e1b-7991-4306-aacb-caf3c4f561a8,BO-202607-0059,draft,华航布行,蕨棕,13019,554,"{""sheet"":""527"",""note"":""纠正性重导入-类目差额补漏""}",f9057832-8e5a-4111-8319-bd5ef5bf0c3a,c3e11ec6-1826-43f6-a6ab-7a1c65565db5,527,draft,华航布行,蕨棕,13019,554,527,Y
华航布行 | 忧郁紫红 | 11975.6 | 509.6,2,3b5f04cf-98de-4d48-9dd5-1ececdd1944b,b73d8e1b-7991-4306-aacb-caf3c4f561a8,BO-202607-0059,draft,华航布行,忧郁紫红,11975.6,509.6,"{""sheet"":""527"",""note"":""纠正性重导入-类目差额补漏""}",935f76b1-610d-4930-8445-f5100f015776,c3e11ec6-1826-43f6-a6ab-7a1c65565db5,527,draft,华航布行,忧郁紫红,11975.6,509.6,527,Y
锦丰布行 | 黑色 | 82554.54 | 3875.8,2,3c337b2a-9b3a-4de0-8cde-72898399dc2f,5ebce63e-6067-4e0a-89ee-1cf91ea87854,BO-202607-0060,draft,锦丰布行,黑色,82554.54,3875.8,"{""sheet"":""540"",""note"":""纠正性重导入-类目差额补漏""}",186a1043-a4f4-43c0-9592-48ed2fe7062f,dbe9d8e6-49c6-4ff7-9491-48c8220582b7,540,draft,锦丰布行,黑色,82554.54,3875.8,540,Y
荣辰纸箱 | 天地盖 | 180 | 1200,2,3caf1831-96e6-40ea-8626-7f592b67adc4,50dc6eae-0366-4c1a-867a-4992725b22a5,BO-202607-0055,draft,荣辰纸箱,天地盖,180,1200,"{""sheet"":""544"",""note"":""纠正性重导入-类目差额补漏""}",8276552f-224b-46b7-8b3e-e4dd3228af03,39cbf523-912f-4fe7-a880-35927da2cda8,544,draft,荣辰纸箱,天地盖,180,1200,544,Y
荣辰纸箱 | 天地盖 | 90 | 600,2,3cdc6916-dd45-4cb7-b63d-9afc9a0828e0,b73d8e1b-7991-4306-aacb-caf3c4f561a8,BO-202607-0059,draft,荣辰纸箱,天地盖,90,600,"{""sheet"":""527"",""note"":""纠正性重导入-类目差额补漏""}",dd1cf1d9-6220-49d4-9817-efc9ed2ad53f,c3e11ec6-1826-43f6-a6ab-7a1c65565db5,527,draft,荣辰纸箱,天地盖,90,600,527,Y
顺龙拉链 | 3号布边隐形拉链墨绿 | 28.26 | 157,2,3d8ba76b-8cc0-4a54-9996-75aa5a646a5b,c32efeb8-2f55-4976-8aa1-e5d6c113509c,BO-202607-0056,draft,顺龙拉链,3号布边隐形拉链墨绿,28.26,157,"{""sheet"":""542"",""note"":""纠正性重导入-类目差额补漏""}",9b7a17b3-64e4-4443-8125-55f1b4382331,8fb1bf1c-cb67-4851-bb25-bf7727293dc8,542,draft,顺龙拉链,3号布边隐形拉链墨绿,28.26,157,542,Y
傲狐服饰 | 0106KC14-00232 | 44716.8 | 3288,3,405ecdaa-4cdd-4ff4-a4ea-b6a4f38c520c,04ef2853-98a1-4d72-9c10-57f39a51d8e7,BO-202604-0003,approved,傲狐服饰,0106KC14-00232,44716.8,3288,"{""sheet"":""511B"",""note"":""纠正性重导入-类目差额补漏""}",5de92009-fee0-4386-b08b-b392cfdbf235,b4b29bde-63d8-48fe-81d9-057c1c90f3be,Invoice61（1022892订单）,draft,傲狐服饰,0106KC14-00232,44716.8,3288,Invoice61（1022892订单）,Y
傲狐服饰 | 0106KC14-00232 | 44716.8 | 3288,3,405ecdaa-4cdd-4ff4-a4ea-b6a4f38c520c,04ef2853-98a1-4d72-9c10-57f39a51d8e7,BO-202604-0003,approved,傲狐服饰,0106KC14-00232,44716.8,3288,"{""sheet"":""511B"",""note"":""纠正性重导入-类目差额补漏""}",e02f22da-3e44-486d-94c5-d3e4c97ac4b4,3b213237-a04d-49e6-9916-b92dfdfe5fa1,511B,draft,傲狐服饰,0106KC14-00232,44716.8,3288,511B,Y
荣辰纸箱 | 天地盖 | 67.5 | 450,2,4069c2bf-0357-4e90-9464-3afa2143ea49,896c0189-ca9c-4850-a59c-3119585c93d2,BO-202607-0057,draft,荣辰纸箱,天地盖,67.5,450,"{""sheet"":""543B"",""note"":""纠正性重导入-类目差额补漏""}",bc9d5ed3-de88-4225-a530-569897f9e0e9,d3b7cdd6-c01d-4590-b3cc-312dbeaff59b,543B,draft,荣辰纸箱,天地盖,67.5,450,543B,Y
 | 装柜费CI-61 | 396 | 0,2,43fa3257-80fd-4a6b-96a3-644991bb4920,04ef2853-98a1-4d72-9c10-57f39a51d8e7,BO-202604-0003,approved,,装柜费CI-61,396,0,"{""sheet"":""511B"",""note"":""纠正性重导入-类目差额补漏""}",1864a707-97dd-4cfb-8b25-fbd9d9d50224,3b213237-a04d-49e6-9916-b92dfdfe5fa1,511B,draft,,装柜费CI-61,396,0,511B,Y
傲狐服饰 | 0106KC14-00163 | 44716.8 | 3288,3,4403f1e1-d928-4f28-a358-d739f910c30b,04ef2853-98a1-4d72-9c10-57f39a51d8e7,BO-202604-0003,approved,傲狐服饰,0106KC14-00163,44716.8,3288,"{""sheet"":""511B"",""note"":""纠正性重导入-类目差额补漏""}",260c26c9-e4e3-452a-8b0b-b0031dd4753b,b4b29bde-63d8-48fe-81d9-057c1c90f3be,Invoice61（1022892订单）,draft,傲狐服饰,0106KC14-00163,44716.8,3288,Invoice61（1022892订单）,Y
傲狐服饰 | 0106KC14-00163 | 44716.8 | 3288,3,4403f1e1-d928-4f28-a358-d739f910c30b,04ef2853-98a1-4d72-9c10-57f39a51d8e7,BO-202604-0003,approved,傲狐服饰,0106KC14-00163,44716.8,3288,"{""sheet"":""511B"",""note"":""纠正性重导入-类目差额补漏""}",931c6438-5382-42cd-873e-31a80627a62d,3b213237-a04d-49e6-9916-b92dfdfe5fa1,511B,draft,傲狐服饰,0106KC14-00163,44716.8,3288,511B,Y
荣辰纸箱 | 天地盖 | 165 | 1100,2,46cb2f15-a215-4875-9a96-353fa0dd68f6,5ebce63e-6067-4e0a-89ee-1cf91ea87854,BO-202607-0060,draft,荣辰纸箱,天地盖,165,1100,"{""sheet"":""540"",""note"":""纠正性重导入-类目差额补漏""}",b6fa9b28-8d1c-4f7b-80a7-10fed3b5d1ae,dbe9d8e6-49c6-4ff7-9491-48c8220582b7,540,draft,荣辰纸箱,天地盖,165,1100,540,Y
荣辰纸箱 | 65*42*30纸箱 | 8097.2 | 1306,2,4cf792f4-df47-4374-b77f-478133139698,c32efeb8-2f55-4976-8aa1-e5d6c113509c,BO-202607-0056,draft,荣辰纸箱,65*42*30纸箱,8097.2,1306,"{""sheet"":""542"",""note"":""纠正性重导入-类目差额补漏""}",76ea624a-4cee-4f5f-96fa-f36557f8bdba,8fb1bf1c-cb67-4851-bb25-bf7727293dc8,542,draft,荣辰纸箱,65*42*30纸箱,8097.2,1306,542,Y
中阳印刷 | 烫标 | 6184.8 | 68720,2,4dfb4fe9-4ce7-4cb3-b03f-e323e4e6ee6c,a5b2ee36-94a4-41de-a1aa-4718a2124d09,BO-202607-0053,draft,中阳印刷,烫标,6184.8,68720,"{""sheet"":""545"",""note"":""纠正性重导入-类目差额补漏""}",ef509482-f15e-45dc-8eb0-e72043cb8ecc,a1ee9913-708a-4ce9-b654-1162fa1dfe5e,545,draft,中阳印刷,烫标,6184.8,68720,545,Y
傲狐服饰 | 0107KL07-0001 | 74649.6 | 5184,2,4f99d11c-7011-4681-a309-f6dbdd93ebf2,c32efeb8-2f55-4976-8aa1-e5d6c113509c,BO-202607-0056,draft,傲狐服饰,0107KL07-0001,74649.6,5184,"{""sheet"":""542"",""note"":""纠正性重导入-类目差额补漏""}",289addce-c356-48af-beb5-b67b3492a56f,8fb1bf1c-cb67-4851-bb25-bf7727293dc8,542,draft,傲狐服饰,0107KL07-0001,74649.6,5184,542,Y
义乌-杭州 | CI-57物流费 | 105 | 0,2,4fea134b-5b79-4868-8f60-8640520c517e,20ba2afd-afdb-42d4-8b41-f86dc37f8eee,BO-202604-0018,draft,义乌-杭州,CI-57物流费,105,0,"{""sheet"":""518"",""note"":""纠正性重导入-类目差额补漏""}",af573dc8-44be-4f80-a3e8-5c7f2f15c5c5,eabb1b9c-1a21-4cb3-b496-44a5c81e67d3,518,draft,义乌-杭州,CI-57物流费,105,0,518,Y
连云港中伟塑料制品有限公司 | 衣架+尺码粒 | 4059.2 | 3440,2,50e198ff-43a7-4a03-988e-f2e4757b60f5,9dd2b839-70a2-417e-8108-82d58b06b403,BO-202607-0054,draft,连云港中伟塑料制品有限公司,衣架+尺码粒,4059.2,3440,"{""sheet"":""544B"",""note"":""纠正性重导入-类目差额补漏""}",cd093b1b-1ed4-46ff-8eab-e787a516999e,8388b1a2-7993-4650-8085-402eb3029616,544B,draft,连云港中伟塑料制品有限公司,衣架+尺码粒,4059.2,3440,544B,Y
傲狐服饰 | 0211K78-232（裙裤） | 11520 | 1440,3,53278ce1-5777-4144-b39e-1899b85ca9b5,20ba2afd-afdb-42d4-8b41-f86dc37f8eee,BO-202604-0018,draft,傲狐服饰,0211K78-232（裙裤）,11520,1440,"{""sheet"":""518"",""note"":""纠正性重导入-类目差额补漏""}",4f112bd1-d1b6-4917-a565-76d76ff509fe,eabb1b9c-1a21-4cb3-b496-44a5c81e67d3,518,draft,傲狐服饰,0211K78-232（裙裤）,11520,1440,518,Y
傲狐服饰 | 0211K78-232（裙裤） | 11520 | 1440,3,53278ce1-5777-4144-b39e-1899b85ca9b5,20ba2afd-afdb-42d4-8b41-f86dc37f8eee,BO-202604-0018,draft,傲狐服饰,0211K78-232（裙裤）,11520,1440,"{""sheet"":""518"",""note"":""纠正性重导入-类目差额补漏""}",fddbe9fc-96f6-4632-80b4-e95f451ca797,453936ee-3ff9-4aeb-94a4-232f242394bd,Invoice57（1022861订单）,draft,傲狐服饰,0211K78-232（裙裤）,11520,1440,Invoice57（1022861订单）,Y
宁波言晨国际物流有限公司 | CI-61货代费 | 2965.82 | 0,2,53413a52-cc8a-4931-9fdd-ad4b4da4ddc7,04ef2853-98a1-4d72-9c10-57f39a51d8e7,BO-202604-0003,approved,宁波言晨国际物流有限公司,CI-61货代费,2965.82,0,"{""sheet"":""511B"",""note"":""纠正性重导入-类目差额补漏""}",a1250f63-5708-4ed0-8066-b471a452fdd3,3b213237-a04d-49e6-9916-b92dfdfe5fa1,511B,draft,宁波言晨国际物流有限公司,CI-61货代费,2965.82,0,511B,Y
佳荣织带 | 织带和染色费 | 2206.26 | 0,2,543c9e96-c630-43da-923a-fcc01cb46863,c32efeb8-2f55-4976-8aa1-e5d6c113509c,BO-202607-0056,draft,佳荣织带,织带和染色费,2206.26,0,"{""sheet"":""542"",""note"":""纠正性重导入-类目差额补漏""}",32bd608f-aa30-4784-9504-75db86683c91,8fb1bf1c-cb67-4851-bb25-bf7727293dc8,542,draft,佳荣织带,织带和染色费,2206.26,0,542,Y
荣辰纸箱 | 55*36*60纸箱 | 2705.1 | 381,2,5781113b-ee3d-4553-ad65-404ede8363e5,50dc6eae-0366-4c1a-867a-4992725b22a5,BO-202607-0055,draft,荣辰纸箱,55*36*60纸箱,2705.1,381,"{""sheet"":""544"",""note"":""纠正性重导入-类目差额补漏""}",c78f5c9b-4b28-478a-aebf-e68fff8f3490,39cbf523-912f-4fe7-a880-35927da2cda8,544,draft,荣辰纸箱,55*36*60纸箱,2705.1,381,544,Y
傲狐服饰 | 0107KL06-00176 | 74649.6 | 5184,2,57c4ccf4-ac5c-44a6-9112-6875660e632f,c32efeb8-2f55-4976-8aa1-e5d6c113509c,BO-202607-0056,draft,傲狐服饰,0107KL06-00176,74649.6,5184,"{""sheet"":""542"",""note"":""纠正性重导入-类目差额补漏""}",3a85086f-04b6-4400-82f7-f1ade2261527,8fb1bf1c-cb67-4851-bb25-bf7727293dc8,542,draft,傲狐服饰,0107KL06-00176,74649.6,5184,542,Y
小陈制袋 | 单包袋30*35+4 | 2213.4 | 18600,3,57fb1042-b2ca-4b25-aa41-58b832f92cdb,50dc6eae-0366-4c1a-867a-4992725b22a5,BO-202607-0055,draft,小陈制袋,单包袋30*35+4,2213.4,18600,"{""sheet"":""544"",""note"":""纠正性重导入-类目差额补漏""}",87843853-722f-4485-92d9-be4307892b22,bb6313f6-a5df-4466-9bb4-1866e80dc25e,491,draft,小陈制袋,单包袋30*35+4,2213.4,18600,491,Y
小陈制袋 | 单包袋30*35+4 | 2213.4 | 18600,3,57fb1042-b2ca-4b25-aa41-58b832f92cdb,50dc6eae-0366-4c1a-867a-4992725b22a5,BO-202607-0055,draft,小陈制袋,单包袋30*35+4,2213.4,18600,"{""sheet"":""544"",""note"":""纠正性重导入-类目差额补漏""}",f8066986-ee72-4da0-a092-b5c299dfcde4,39cbf523-912f-4fe7-a880-35927da2cda8,544,draft,小陈制袋,单包袋30*35+4,2213.4,18600,544,Y
 | CI-71装柜费 | 140 | 0,2,5a3f4cad-8fa8-4386-b49f-79ae8395f727,896c0189-ca9c-4850-a59c-3119585c93d2,BO-202607-0057,draft,,CI-71装柜费,140,0,"{""sheet"":""543B"",""note"":""纠正性重导入-类目差额补漏""}",5da35408-327e-4489-8e5c-31a8731da450,d3b7cdd6-c01d-4590-b3cc-312dbeaff59b,543B,draft,,CI-71装柜费,140,0,543B,Y
品泰服饰 | R0412J92-110 | 17748 | 1224,3,5e16e81d-4c56-4f47-9f2c-14143d7c2676,b73d8e1b-7991-4306-aacb-caf3c4f561a8,BO-202607-0059,draft,品泰服饰,R0412J92-110,17748,1224,"{""sheet"":""527"",""note"":""纠正性重导入-类目差额补漏""}",01b04e45-9f3c-4957-b88b-f4a046b02fc9,c3e11ec6-1826-43f6-a6ab-7a1c65565db5,527,draft,品泰服饰,R0412J92-110,17748,1224,527,Y
品泰服饰 | R0412J92-110 | 17748 | 1224,3,5e16e81d-4c56-4f47-9f2c-14143d7c2676,b73d8e1b-7991-4306-aacb-caf3c4f561a8,BO-202607-0059,draft,品泰服饰,R0412J92-110,17748,1224,"{""sheet"":""527"",""note"":""纠正性重导入-类目差额补漏""}",c4a6255c-d22e-446d-b001-ae737209bc6b,b3f16d05-8e6d-4cdc-a550-6766d4202180,Invoice72（1022944订单）,draft,品泰服饰,R0412J92-110,17748,1224,Invoice72（1022944订单）,Y
优彩包装 | UV通用主吊卡 | 440 | 8000,2,60a29973-6182-456d-a2cf-e34e3d61e09d,772f9be2-7dab-405d-a374-2cd36646315c,BO-202607-0058,draft,优彩包装,UV通用主吊卡,440,8000,"{""sheet"":""543"",""note"":""纠正性重导入-类目差额补漏""}",f561e9fa-99cf-4dd3-a3b7-bca352c536c0,dab194db-6fdd-410f-ac68-611f11a443a8,543,draft,优彩包装,UV通用主吊卡,440,8000,543,Y
华航布行 | 黑色 | 48430.9 | 2252.6,2,60b361b6-8b9e-4b9a-bed2-8b2196c2f606,896c0189-ca9c-4850-a59c-3119585c93d2,BO-202607-0057,draft,华航布行,黑色,48430.9,2252.6,"{""sheet"":""543B"",""note"":""纠正性重导入-类目差额补漏""}",342b4658-ffd5-43dd-a760-28407445c134,d3b7cdd6-c01d-4590-b3cc-312dbeaff59b,543B,draft,华航布行,黑色,48430.9,2252.6,543B,Y
傲狐服饰 | 0109KP20-0001 | 64281.6 | 5184,3,626d4c61-7034-4017-86a2-659812580aa9,896c0189-ca9c-4850-a59c-3119585c93d2,BO-202607-0057,draft,傲狐服饰,0109KP20-0001,64281.6,5184,"{""sheet"":""543B"",""note"":""纠正性重导入-类目差额补漏""}",4ab2efc1-fdca-4d50-a7d0-0cf25c0115d0,3197bade-15bd-42d1-a9a4-aa458a128dcf,Invoice71（1022939订单）,draft,傲狐服饰,0109KP20-0001,64281.6,5184,Invoice71（1022939订单）,Y
傲狐服饰 | 0109KP20-0001 | 64281.6 | 5184,3,626d4c61-7034-4017-86a2-659812580aa9,896c0189-ca9c-4850-a59c-3119585c93d2,BO-202607-0057,draft,傲狐服饰,0109KP20-0001,64281.6,5184,"{""sheet"":""543B"",""note"":""纠正性重导入-类目差额补漏""}",e8d00604-1048-441e-bbab-a00a7fcfbd0d,d3b7cdd6-c01d-4590-b3cc-312dbeaff59b,543B,draft,傲狐服饰,0109KP20-0001,64281.6,5184,543B,Y
优彩包装 | 4款吊牌 | 542.37 | 7976,2,64ed3a78-c113-4022-8e3b-e25d75af3362,772f9be2-7dab-405d-a374-2cd36646315c,BO-202607-0058,draft,优彩包装,4款吊牌,542.37,7976,"{""sheet"":""543"",""note"":""纠正性重导入-类目差额补漏""}",9dcdfde6-1f3d-4d5c-829a-ef2745ee7b90,dab194db-6fdd-410f-ac68-611f11a443a8,543,draft,优彩包装,4款吊牌,542.37,7976,543,Y
优彩包装 | 4款腰卡 | 414.75 | 7976,2,6a25769f-04a9-4db2-a04e-8f5c8e4beef6,772f9be2-7dab-405d-a374-2cd36646315c,BO-202607-0058,draft,优彩包装,4款腰卡,414.75,7976,"{""sheet"":""543"",""note"":""纠正性重导入-类目差额补漏""}",be1131b0-5afa-4469-8347-a528a4099299,dab194db-6fdd-410f-ac68-611f11a443a8,543,draft,优彩包装,4款腰卡,414.75,7976,543,Y
顺龙拉链 | 3号布边隐形拉链黑色 | 56.16 | 312,2,6b6d8221-7edb-49cc-9625-f85c5d6081d8,c32efeb8-2f55-4976-8aa1-e5d6c113509c,BO-202607-0056,draft,顺龙拉链,3号布边隐形拉链黑色,56.16,312,"{""sheet"":""542"",""note"":""纠正性重导入-类目差额补漏""}",9454459a-10bb-4de2-a8dc-591ea0516dfe,8fb1bf1c-cb67-4851-bb25-bf7727293dc8,542,draft,顺龙拉链,3号布边隐形拉链黑色,56.16,312,542,Y
 | CI-71装柜费 | 210 | 0,2,6ea014e3-e3a9-435d-a5e7-1e633fb71f33,772f9be2-7dab-405d-a374-2cd36646315c,BO-202607-0058,draft,,CI-71装柜费,210,0,"{""sheet"":""543"",""note"":""纠正性重导入-类目差额补漏""}",107bf1b4-28d3-4149-ab8a-cad58a23f0d2,dab194db-6fdd-410f-ac68-611f11a443a8,543,draft,,CI-71装柜费,210,0,543,Y
品泰服饰 | R0412J92-55 | 17748 | 1224,3,6efb8d46-6dba-4b2c-a265-03e3f5fd1a69,b73d8e1b-7991-4306-aacb-caf3c4f561a8,BO-202607-0059,draft,品泰服饰,R0412J92-55,17748,1224,"{""sheet"":""527"",""note"":""纠正性重导入-类目差额补漏""}",25d3b708-be39-4e3b-9780-dc4021e29ddb,b3f16d05-8e6d-4cdc-a550-6766d4202180,Invoice72（1022944订单）,draft,品泰服饰,R0412J92-55,17748,1224,Invoice72（1022944订单）,Y
品泰服饰 | R0412J92-55 | 17748 | 1224,3,6efb8d46-6dba-4b2c-a265-03e3f5fd1a69,b73d8e1b-7991-4306-aacb-caf3c4f561a8,BO-202607-0059,draft,品泰服饰,R0412J92-55,17748,1224,"{""sheet"":""527"",""note"":""纠正性重导入-类目差额补漏""}",d13c1043-1a59-4a89-929a-8fc7e3a31a1e,c3e11ec6-1826-43f6-a6ab-7a1c65565db5,527,draft,品泰服饰,R0412J92-55,17748,1224,527,Y
品泰服饰 | R0412J92-125 | 17748 | 1224,3,6f80f096-846c-460d-871e-e7cc98c2ce18,b73d8e1b-7991-4306-aacb-caf3c4f561a8,BO-202607-0059,draft,品泰服饰,R0412J92-125,17748,1224,"{""sheet"":""527"",""note"":""纠正性重导入-类目差额补漏""}",f31d92b4-c99d-407b-8b40-4f0ad82b36fc,c3e11ec6-1826-43f6-a6ab-7a1c65565db5,527,draft,品泰服饰,R0412J92-125,17748,1224,527,Y
品泰服饰 | R0412J92-125 | 17748 | 1224,3,6f80f096-846c-460d-871e-e7cc98c2ce18,b73d8e1b-7991-4306-aacb-caf3c4f561a8,BO-202607-0059,draft,品泰服饰,R0412J92-125,17748,1224,"{""sheet"":""527"",""note"":""纠正性重导入-类目差额补漏""}",f676e255-fc6b-4a94-9731-2710abfa1729,b3f16d05-8e6d-4cdc-a550-6766d4202180,Invoice72（1022944订单）,draft,品泰服饰,R0412J92-125,17748,1224,Invoice72（1022944订单）,Y
小陈制袋 | 挂衣袋55*80+4 | 1800 | 2400,2,70486928-c226-4b10-a982-abd837081082,5ebce63e-6067-4e0a-89ee-1cf91ea87854,BO-202607-0060,draft,小陈制袋,挂衣袋55*80+4,1800,2400,"{""sheet"":""540"",""note"":""纠正性重导入-类目差额补漏""}",6c43d382-1cb2-4036-b7aa-54dd756c5bae,dbe9d8e6-49c6-4ff7-9491-48c8220582b7,540,draft,小陈制袋,挂衣袋55*80+4,1800,2400,540,Y
荣辰纸箱 | 纸箱 | 3974.4 | 552,2,70dbc208-5050-4754-8644-de10a0c40093,5ebce63e-6067-4e0a-89ee-1cf91ea87854,BO-202607-0060,draft,荣辰纸箱,纸箱,3974.4,552,"{""sheet"":""540"",""note"":""纠正性重导入-类目差额补漏""}",f8a2d814-45d4-4dfd-927c-037fd220f423,dbe9d8e6-49c6-4ff7-9491-48c8220582b7,540,draft,荣辰纸箱,纸箱,3974.4,552,540,Y
中阳烫标 | 烫标 | 710.64 | 7896,2,72aa4918-4f5d-4fda-ad7a-8df434a02f73,772f9be2-7dab-405d-a374-2cd36646315c,BO-202607-0058,draft,中阳烫标,烫标,710.64,7896,"{""sheet"":""543"",""note"":""纠正性重导入-类目差额补漏""}",bfc9d4c0-83f3-4c40-995b-baf285a5a6cb,dab194db-6fdd-410f-ac68-611f11a443a8,543,draft,中阳烫标,烫标,710.64,7896,543,Y
华航布行 | 中绿 | 11686.55 | 497.3,2,7325a02a-7539-4103-b8a9-80b57b6c40c7,b73d8e1b-7991-4306-aacb-caf3c4f561a8,BO-202607-0059,draft,华航布行,中绿,11686.55,497.3,"{""sheet"":""527"",""note"":""纠正性重导入-类目差额补漏""}",f548fa9f-7bed-4969-addc-92a5c8fdf544,c3e11ec6-1826-43f6-a6ab-7a1c65565db5,527,draft,华航布行,中绿,11686.55,497.3,527,Y
华航布行 | 黑色 | 30039.8 | 1397.2,2,75f6024d-5207-4225-bf28-a0d9799bd8dc,9dd2b839-70a2-417e-8108-82d58b06b403,BO-202607-0054,draft,华航布行,黑色,30039.8,1397.2,"{""sheet"":""544B"",""note"":""纠正性重导入-类目差额补漏""}",8dc18bc7-8da6-4d06-bd6f-e936f9edd6e9,8388b1a2-7993-4650-8085-402eb3029616,544B,draft,华航布行,黑色,30039.8,1397.2,544B,Y
连云港中伟塑料制品有限公司 | 衣架+尺码粒 | 37453.2 | 31740,2,7757615c-958a-40a0-ad72-ac3a862ae682,c32efeb8-2f55-4976-8aa1-e5d6c113509c,BO-202607-0056,draft,连云港中伟塑料制品有限公司,衣架+尺码粒,37453.2,31740,"{""sheet"":""542"",""note"":""纠正性重导入-类目差额补漏""}",7951d230-6f4b-4fe9-892e-17ed205eb998,8fb1bf1c-cb67-4851-bb25-bf7727293dc8,542,draft,连云港中伟塑料制品有限公司,衣架+尺码粒,37453.2,31740,542,Y
优彩包装 | 4款腰卡 | 549.54 | 10568,2,79fef653-1ecc-47d7-a718-b7345da8540d,896c0189-ca9c-4850-a59c-3119585c93d2,BO-202607-0057,draft,优彩包装,4款腰卡,549.54,10568,"{""sheet"":""543B"",""note"":""纠正性重导入-类目差额补漏""}",9bb37582-62e6-4412-bdc2-5337c0c6691c,d3b7cdd6-c01d-4590-b3cc-312dbeaff59b,543B,draft,优彩包装,4款腰卡,549.54,10568,543B,Y
旺泽布行 | 炫蓝色 | 25622.5 | 1024.9,2,7cb3da80-5eb7-4ace-b91e-c73f1d02e229,a5b2ee36-94a4-41de-a1aa-4718a2124d09,BO-202607-0053,draft,旺泽布行,炫蓝色,25622.5,1024.9,"{""sheet"":""545"",""note"":""纠正性重导入-类目差额补漏""}",40511ae1-ebe5-427e-92a1-f6a9025bece5,a1ee9913-708a-4ce9-b654-1162fa1dfe5e,545,draft,旺泽布行,炫蓝色,25622.5,1024.9,545,Y
旺泽布行 | 黑色 | 75235.2 | 3134.8,2,7e67c9b0-fa1b-47c8-9f52-16d0b00f6af3,772f9be2-7dab-405d-a374-2cd36646315c,BO-202607-0058,draft,旺泽布行,黑色,75235.2,3134.8,"{""sheet"":""543"",""note"":""纠正性重导入-类目差额补漏""}",fe3c4e2a-ff9f-460a-a09a-d5c0fe94e02d,dab194db-6fdd-410f-ac68-611f11a443a8,543,draft,旺泽布行,黑色,75235.2,3134.8,543,Y
荣辰纸箱 | 天地盖 | 52.5 | 350,2,7ed2cb18-847b-4b80-b183-04c4788b273a,772f9be2-7dab-405d-a374-2cd36646315c,BO-202607-0058,draft,荣辰纸箱,天地盖,52.5,350,"{""sheet"":""543"",""note"":""纠正性重导入-类目差额补漏""}",1d310fa8-ade2-458d-b440-b322ca3577f6,dab194db-6fdd-410f-ac68-611f11a443a8,543,draft,荣辰纸箱,天地盖,52.5,350,543,Y
小陈制袋 | 单包袋30*35+4 | 8211 | 69000,2,88b94e95-ee14-4e11-b4a6-68f84cf5eb42,a5b2ee36-94a4-41de-a1aa-4718a2124d09,BO-202607-0053,draft,小陈制袋,单包袋30*35+4,8211,69000,"{""sheet"":""545"",""note"":""纠正性重导入-类目差额补漏""}",f43136fa-0816-4c98-9610-975ef16733a6,a1ee9913-708a-4ce9-b654-1162fa1dfe5e,545,draft,小陈制袋,单包袋30*35+4,8211,69000,545,Y
傲狐服饰 | 0106KC15-00134 | 44716.8 | 3288,3,89d03533-d534-40e2-94aa-19123f8c7e71,04ef2853-98a1-4d72-9c10-57f39a51d8e7,BO-202604-0003,approved,傲狐服饰,0106KC15-00134,44716.8,3288,"{""sheet"":""511B"",""note"":""纠正性重导入-类目差额补漏""}",190c4737-4f7e-4fa5-a6f8-25cc17ef1c31,b4b29bde-63d8-48fe-81d9-057c1c90f3be,Invoice61（1022892订单）,draft,傲狐服饰,0106KC15-00134,44716.8,3288,Invoice61（1022892订单）,Y
傲狐服饰 | 0106KC15-00134 | 44716.8 | 3288,3,89d03533-d534-40e2-94aa-19123f8c7e71,04ef2853-98a1-4d72-9c10-57f39a51d8e7,BO-202604-0003,approved,傲狐服饰,0106KC15-00134,44716.8,3288,"{""sheet"":""511B"",""note"":""纠正性重导入-类目差额补漏""}",235bfe1e-ab5c-4a27-8481-1f9ee7bd2a27,3b213237-a04d-49e6-9916-b92dfdfe5fa1,511B,draft,傲狐服饰,0106KC15-00134,44716.8,3288,511B,Y
傲狐服饰 | 0108KL16-0001 | 72576 | 5184,2,8bc3287a-1057-4dec-a29d-447e860bc151,c32efeb8-2f55-4976-8aa1-e5d6c113509c,BO-202607-0056,draft,傲狐服饰,0108KL16-0001,72576,5184,"{""sheet"":""542"",""note"":""纠正性重导入-类目差额补漏""}",52b16371-b7f9-4aa9-b315-846f8c808d7b,8fb1bf1c-cb67-4851-bb25-bf7727293dc8,542,draft,傲狐服饰,0108KL16-0001,72576,5184,542,Y
华航布行 | 庄园蓝 | 41548 | 1768,2,8da1ae6c-c003-40a1-9389-f74a53855976,c32efeb8-2f55-4976-8aa1-e5d6c113509c,BO-202607-0056,draft,华航布行,庄园蓝,41548,1768,"{""sheet"":""542"",""note"":""纠正性重导入-类目差额补漏""}",fc7ea55b-c935-4139-81c0-df4c03ce1c2e,8fb1bf1c-cb67-4851-bb25-bf7727293dc8,542,draft,华航布行,庄园蓝,41548,1768,542,Y
优彩包装 | 圆形吊牌COZY PANT | 157.72 | 7886,2,8e34ed37-f4e4-40e5-aadb-b9aba51735ec,772f9be2-7dab-405d-a374-2cd36646315c,BO-202607-0058,draft,优彩包装,圆形吊牌COZY PANT,157.72,7886,"{""sheet"":""543"",""note"":""纠正性重导入-类目差额补漏""}",47a0cd27-4f91-485e-935d-4a956c3fc3a6,dab194db-6fdd-410f-ac68-611f11a443a8,543,draft,优彩包装,圆形吊牌COZY PANT,157.72,7886,543,Y
顺龙拉链 | 喷漆费 | 150 | 3,4,8fd1fc76-dfc0-47f8-b69b-20a458a5d245,b73d8e1b-7991-4306-aacb-caf3c4f561a8,BO-202607-0059,draft,顺龙拉链,喷漆费,150,3,"{""sheet"":""527"",""note"":""纠正性重导入-类目差额补漏""}",6544ff72-c87f-4ce5-b55a-5643364871e6,0dcdd4e3-1bcd-4b0d-96ff-27b25462bca8,584,draft,顺龙拉链,喷漆费,150,3,584,Y
顺龙拉链 | 喷漆费 | 150 | 3,4,8fd1fc76-dfc0-47f8-b69b-20a458a5d245,b73d8e1b-7991-4306-aacb-caf3c4f561a8,BO-202607-0059,draft,顺龙拉链,喷漆费,150,3,"{""sheet"":""527"",""note"":""纠正性重导入-类目差额补漏""}",7e4fbcb4-c081-495c-ad3d-c1f83ec1287a,c3e11ec6-1826-43f6-a6ab-7a1c65565db5,527,draft,顺龙拉链,喷漆费,150,3,527,Y
顺龙拉链 | 喷漆费 | 150 | 3,4,8fd1fc76-dfc0-47f8-b69b-20a458a5d245,b73d8e1b-7991-4306-aacb-caf3c4f561a8,BO-202607-0059,draft,顺龙拉链,喷漆费,150,3,"{""sheet"":""527"",""note"":""纠正性重导入-类目差额补漏""}",c01748ce-19db-4b59-9e65-c03e7511f56f,3dc51e47-69df-4a7d-a3ce-74fad13c08c9,522,draft,顺龙拉链,喷漆费,150,3,522,Y
 | CI-69装柜费 | 92 | 0,2,93c4e76f-8a3f-40cd-a4db-675e0b1dfbb4,5ebce63e-6067-4e0a-89ee-1cf91ea87854,BO-202607-0060,draft,,CI-69装柜费,92,0,"{""sheet"":""540"",""note"":""纠正性重导入-类目差额补漏""}",cb9a907d-80d9-455f-b0f5-3f6582fa3664,dbe9d8e6-49c6-4ff7-9491-48c8220582b7,540,draft,,CI-69装柜费,92,0,540,Y
宁波言晨国际物流有限公司 | CI-52货代费 | 1338 | 0,2,93df7128-c6ed-4986-a800-52630322d9d1,c46e2987-47e3-40eb-bd38-2d548d434a1a,BO-202604-0060,pending_review,宁波言晨国际物流有限公司,CI-52货代费,1338,0,"{""sheet"":""466B"",""note"":""纠正性重导入-类目差额补漏""}",d9357345-ff03-4951-ac45-e864034ab7a5,c9cf7902-e0ec-4952-8257-648635329f77,466B,draft,宁波言晨国际物流有限公司,CI-52货代费,1338,0,466B,Y
佳荣织带 | 织带和染色费 | 2045.66 | 0,2,94c53f31-e98c-4834-8987-6cc49288437e,c46e2987-47e3-40eb-bd38-2d548d434a1a,BO-202604-0060,pending_review,佳荣织带,织带和染色费,2045.66,0,"{""sheet"":""466B"",""note"":""纠正性重导入-类目差额补漏""}",11412576-87c4-441e-9b22-d8adcf8565b2,c9cf7902-e0ec-4952-8257-648635329f77,466B,draft,佳荣织带,织带和染色费,2045.66,0,466B,Y
宁波言晨国际物流有限公司 | DDP货代费 | 52595.5 | 0,2,971e794c-12a9-4f47-bb80-7a69f5add919,a039c841-3214-44e8-8f8f-e04a58584363,BO-202604-0067,pending_review,宁波言晨国际物流有限公司,DDP货代费,52595.5,0,"{""sheet"":""PO3301961"",""note"":""纠正性重导入-类目差额补漏""}",c5483f76-fc65-4479-bd36-b8c9201f4243,d71f4de0-42a0-4ead-8b09-f8940b7f79a6,PO3301961,draft,宁波言晨国际物流有限公司,DDP货代费,52595.5,0,PO3301961,Y
佳荣织带 | 织带和染色费 | 802.44 | 0,2,9720c0a1-7f76-4243-851a-6689b4bd8210,c8cd1a87-d1be-400e-9b19-99177acac0f7,BO-202604-0002,approved,佳荣织带,织带和染色费,802.44,0,"{""sheet"":""511"",""note"":""纠正性重导入-类目差额补漏""}",d6e92e6b-4e87-4c11-a8c0-b1e7759044f2,ccdbeb13-710e-4d2e-b0ee-f63cd7c295a9,511,draft,佳荣织带,织带和染色费,802.44,0,511,Y
优彩包装 | 4款腰卡 | 3608.8 | 69400,2,97572c58-072f-4d19-833f-d9c74b41e131,a5b2ee36-94a4-41de-a1aa-4718a2124d09,BO-202607-0053,draft,优彩包装,4款腰卡,3608.8,69400,"{""sheet"":""545"",""note"":""纠正性重导入-类目差额补漏""}",e4c5803f-6fce-4b7a-976a-22a8177cf864,a1ee9913-708a-4ce9-b654-1162fa1dfe5e,545,draft,优彩包装,4款腰卡,3608.8,69400,545,Y
旺泽布行 | 鲜红 | 40225 | 1609,2,98211f2a-6aaa-4e42-9b5c-d75a6be0a227,a5b2ee36-94a4-41de-a1aa-4718a2124d09,BO-202607-0053,draft,旺泽布行,鲜红,40225,1609,"{""sheet"":""545"",""note"":""纠正性重导入-类目差额补漏""}",9a34baee-68f7-4541-aad2-f2181c68c8ad,a1ee9913-708a-4ce9-b654-1162fa1dfe5e,545,draft,旺泽布行,鲜红,40225,1609,545,Y
旺泽布行 | 深紫 | 37770 | 1510.8,2,9881f6ec-2d56-4bef-877a-09d32ed0b77f,50dc6eae-0366-4c1a-867a-4992725b22a5,BO-202607-0055,draft,旺泽布行,深紫,37770,1510.8,"{""sheet"":""544"",""note"":""纠正性重导入-类目差额补漏""}",a61fd427-f014-49be-9629-c2f89b37f115,39cbf523-912f-4fe7-a880-35927da2cda8,544,draft,旺泽布行,深紫,37770,1510.8,544,Y
优彩包装 | 4款吊卡 | 498.24 | 6920,2,98e706d3-706d-4183-b4a9-b049318fdc96,9dd2b839-70a2-417e-8108-82d58b06b403,BO-202607-0054,draft,优彩包装,4款吊卡,498.24,6920,"{""sheet"":""544B"",""note"":""纠正性重导入-类目差额补漏""}",b979fbaa-0c56-4a0a-bac9-b2ee019801ed,8388b1a2-7993-4650-8085-402eb3029616,544B,draft,优彩包装,4款吊卡,498.24,6920,544B,Y
优彩包装 | 3款腰卡 | 1402.44 | 26970,2,9c376b0d-be9b-4a54-85f9-4c8cde524e40,5ebce63e-6067-4e0a-89ee-1cf91ea87854,BO-202607-0060,draft,优彩包装,3款腰卡,1402.44,26970,"{""sheet"":""540"",""note"":""纠正性重导入-类目差额补漏""}",d28e01fa-2156-4520-b0e4-8890257c95ec,dbe9d8e6-49c6-4ff7-9491-48c8220582b7,540,draft,优彩包装,3款腰卡,1402.44,26970,540,Y
傲狐服饰 | 0107KL14-0001 | 74649.6 | 5184,2,9e619701-00a4-48a2-ab70-7c41d5c2f2b0,c32efeb8-2f55-4976-8aa1-e5d6c113509c,BO-202607-0056,draft,傲狐服饰,0107KL14-0001,74649.6,5184,"{""sheet"":""542"",""note"":""纠正性重导入-类目差额补漏""}",866aa946-12a2-4c71-a50c-0130f636ab66,8fb1bf1c-cb67-4851-bb25-bf7727293dc8,542,draft,傲狐服饰,0107KL14-0001,74649.6,5184,542,Y
旺泽布行 | 海豹棕 | 134482.5 | 5379.3,2,a18b534b-e0bb-4039-ae0f-8deecd18ff15,a5b2ee36-94a4-41de-a1aa-4718a2124d09,BO-202607-0053,draft,旺泽布行,海豹棕,134482.5,5379.3,"{""sheet"":""545"",""note"":""纠正性重导入-类目差额补漏""}",23d0040d-3606-431b-8333-8caa51f64063,a1ee9913-708a-4ce9-b654-1162fa1dfe5e,545,draft,旺泽布行,海豹棕,134482.5,5379.3,545,Y
锦丰布行 | 薰衣草 | 22577.7 | 969,2,a80c0007-3def-41ac-902a-632280972150,5ebce63e-6067-4e0a-89ee-1cf91ea87854,BO-202607-0060,draft,锦丰布行,薰衣草,22577.7,969,"{""sheet"":""540"",""note"":""纠正性重导入-类目差额补漏""}",9db8dd82-3b15-45ed-adf2-4103b63e66c4,dbe9d8e6-49c6-4ff7-9491-48c8220582b7,540,draft,锦丰布行,薰衣草,22577.7,969,540,Y
佳荣织带 | 织带和染色费 | 1461.62 | 0,2,aad3ab74-23f6-4c3a-9dc2-8b64a292e467,04ef2853-98a1-4d72-9c10-57f39a51d8e7,BO-202604-0003,approved,佳荣织带,织带和染色费,1461.62,0,"{""sheet"":""511B"",""note"":""纠正性重导入-类目差额补漏""}",27d4f263-6ed8-4ab6-8521-88854349301a,3b213237-a04d-49e6-9916-b92dfdfe5fa1,511B,draft,佳荣织带,织带和染色费,1461.62,0,511B,Y
小陈制袋 | 挂衣带 | 461 | 572,2,ad550f1f-cb8d-43b7-8a7e-5eaee66916a3,9dd2b839-70a2-417e-8108-82d58b06b403,BO-202607-0054,draft,小陈制袋,挂衣带,461,572,"{""sheet"":""544B"",""note"":""纠正性重导入-类目差额补漏""}",9139eb9a-e1e0-49dc-a9eb-4e5720f21a6c,8388b1a2-7993-4650-8085-402eb3029616,544B,draft,小陈制袋,挂衣带,461,572,544B,Y
小陈制袋 | 单包袋30*35+4 | 975.8 | 8200,2,adb2ff8b-55f8-4597-a0a2-fc754a717f4f,772f9be2-7dab-405d-a374-2cd36646315c,BO-202607-0058,draft,小陈制袋,单包袋30*35+4,975.8,8200,"{""sheet"":""543"",""note"":""纠正性重导入-类目差额补漏""}",01de533d-e05f-4361-a31c-762ff1132441,dab194db-6fdd-410f-ac68-611f11a443a8,543,draft,小陈制袋,单包袋30*35+4,975.8,8200,543,Y
连云港中伟塑料制品有限公司 | 衣架+尺码粒 | 6301.2 | 5340,2,ae8ae16d-b70e-4969-ae97-9af950d39f40,896c0189-ca9c-4850-a59c-3119585c93d2,BO-202607-0057,draft,连云港中伟塑料制品有限公司,衣架+尺码粒,6301.2,5340,"{""sheet"":""543B"",""note"":""纠正性重导入-类目差额补漏""}",a6ebfb22-e2cd-41d2-a21b-8fccf0b8c2fb,d3b7cdd6-c01d-4590-b3cc-312dbeaff59b,543B,draft,连云港中伟塑料制品有限公司,衣架+尺码粒,6301.2,5340,543B,Y
 | CI-54物流费 | 580 | 0,2,b0f4a278-f524-4fcd-ada0-39c8e376989e,c8cd1a87-d1be-400e-9b19-99177acac0f7,BO-202604-0002,approved,,CI-54物流费,580,0,"{""sheet"":""511"",""note"":""纠正性重导入-类目差额补漏""}",5d062dd6-468f-4039-8f9e-c59168854018,ccdbeb13-710e-4d2e-b0ee-f63cd7c295a9,511,draft,,CI-54物流费,580,0,511,Y
顺龙拉链 | 黑色3号拉链 | 1872 | 10400,2,b2822467-a704-4c71-9b4f-03b485bc8326,c32efeb8-2f55-4976-8aa1-e5d6c113509c,BO-202607-0056,draft,顺龙拉链,黑色3号拉链,1872,10400,"{""sheet"":""542"",""note"":""纠正性重导入-类目差额补漏""}",1d584ea8-6046-4d9a-b343-d927147e8111,8fb1bf1c-cb67-4851-bb25-bf7727293dc8,542,draft,顺龙拉链,黑色3号拉链,1872,10400,542,Y
顺龙拉链 | 3号绯紫拉链 | 474.62 | 2498,2,b319e5df-ac53-477b-88ec-b76925abd5dc,b73d8e1b-7991-4306-aacb-caf3c4f561a8,BO-202607-0059,draft,顺龙拉链,3号绯紫拉链,474.62,2498,"{""sheet"":""527"",""note"":""纠正性重导入-类目差额补漏""}",290c95fd-7e76-4a49-91f6-ead2c26a2acf,c3e11ec6-1826-43f6-a6ab-7a1c65565db5,527,draft,顺龙拉链,3号绯紫拉链,474.62,2498,527,Y
中阳烫标 | 烫标 | 934.02 | 10378,2,b3e59e55-bdfe-4d51-ba6c-d7473d006da9,896c0189-ca9c-4850-a59c-3119585c93d2,BO-202607-0057,draft,中阳烫标,烫标,934.02,10378,"{""sheet"":""543B"",""note"":""纠正性重导入-类目差额补漏""}",4654e44d-91c0-4e6a-ae50-061eb8763db2,d3b7cdd6-c01d-4590-b3cc-312dbeaff59b,543B,draft,中阳烫标,烫标,934.02,10378,543B,Y
顺龙拉链 | 3号郁紫色拉链 | 475 | 2500,2,b80b7f70-5e98-4caf-9e88-da229714a320,b73d8e1b-7991-4306-aacb-caf3c4f561a8,BO-202607-0059,draft,顺龙拉链,3号郁紫色拉链,475,2500,"{""sheet"":""527"",""note"":""纠正性重导入-类目差额补漏""}",23ab4691-6a0a-4467-b153-87915f80a46c,c3e11ec6-1826-43f6-a6ab-7a1c65565db5,527,draft,顺龙拉链,3号郁紫色拉链,475,2500,527,Y
傲狐服饰 | 0609P23-00 | 56764.8 | 7776,3,b91e6310-e57d-4c38-8dca-f17a5e7da8dc,772f9be2-7dab-405d-a374-2cd36646315c,BO-202607-0058,draft,傲狐服饰,0609P23-00,56764.8,7776,"{""sheet"":""543"",""note"":""纠正性重导入-类目差额补漏""}",54c3a1d0-8d9b-4f59-8906-f97fedf4dc45,dab194db-6fdd-410f-ac68-611f11a443a8,543,draft,傲狐服饰,0609P23-00,56764.8,7776,543,Y
傲狐服饰 | 0609P23-00 | 56764.8 | 7776,3,b91e6310-e57d-4c38-8dca-f17a5e7da8dc,772f9be2-7dab-405d-a374-2cd36646315c,BO-202607-0058,draft,傲狐服饰,0609P23-00,56764.8,7776,"{""sheet"":""543"",""note"":""纠正性重导入-类目差额补漏""}",d5f4ecce-42fd-4b3d-97bc-5d1f01be7c31,3197bade-15bd-42d1-a9a4-aa458a128dcf,Invoice71（1022939订单）,draft,傲狐服饰,0609P23-00,56764.8,7776,Invoice71（1022939订单）,Y
小陈制袋 | 挂衣带 | 4276 | 5296,2,bcb8c56d-99ed-4433-83b9-110a05b94bb9,c32efeb8-2f55-4976-8aa1-e5d6c113509c,BO-202607-0056,draft,小陈制袋,挂衣带,4276,5296,"{""sheet"":""542"",""note"":""纠正性重导入-类目差额补漏""}",94ee9338-9825-4fed-910d-02db16a6d78f,8fb1bf1c-cb67-4851-bb25-bf7727293dc8,542,draft,小陈制袋,挂衣带,4276,5296,542,Y
中阳烫标 | 烫标 | 1664.7 | 26850,2,bcf1a020-ca8d-4d39-94a7-d17e03cd0145,5ebce63e-6067-4e0a-89ee-1cf91ea87854,BO-202607-0060,draft,中阳烫标,烫标,1664.7,26850,"{""sheet"":""540"",""note"":""纠正性重导入-类目差额补漏""}",b670055a-eb1a-4fb9-8f12-7efbefcb7082,dbe9d8e6-49c6-4ff7-9491-48c8220582b7,540,draft,中阳烫标,烫标,1664.7,26850,540,Y
优彩包装 | 4款腰卡 | 359.84 | 6920,3,bd8a6061-1499-4699-aac1-dcea2c1c3964,9dd2b839-70a2-417e-8108-82d58b06b403,BO-202607-0054,draft,优彩包装,4款腰卡,359.84,6920,"{""sheet"":""544B"",""note"":""纠正性重导入-类目差额补漏""}",7ef9b748-8772-4099-b280-3a5f17f8b7be,8388b1a2-7993-4650-8085-402eb3029616,544B,draft,优彩包装,4款腰卡,359.84,6920,544B,Y
优彩包装 | 4款腰卡 | 359.84 | 6920,3,bd8a6061-1499-4699-aac1-dcea2c1c3964,9dd2b839-70a2-417e-8108-82d58b06b403,BO-202607-0054,draft,优彩包装,4款腰卡,359.84,6920,"{""sheet"":""544B"",""note"":""纠正性重导入-类目差额补漏""}",85885e2e-33fa-4331-9753-31a5328fbec6,f3025c58-724f-44ae-8699-3bd60c4ba159,534B订单,draft,优彩包装,4款腰卡,359.84,6920,534B,Y
 | 货代费 | 12000 | 0,2,be92b33b-0b59-448f-9300-3efb1068517a,c32efeb8-2f55-4976-8aa1-e5d6c113509c,BO-202607-0056,draft,,货代费,12000,0,"{""sheet"":""542"",""note"":""纠正性重导入-类目差额补漏""}",af1b07ad-036c-4409-bfc0-87a4a9ce6505,8fb1bf1c-cb67-4851-bb25-bf7727293dc8,542,draft,,货代费,12000,0,542,Y
小陈制袋 | 中包袋46*43+8 | 294 | 1400,2,c03f2f8f-ea25-4d2f-9d83-f5e39fc49f21,772f9be2-7dab-405d-a374-2cd36646315c,BO-202607-0058,draft,小陈制袋,中包袋46*43+8,294,1400,"{""sheet"":""543"",""note"":""纠正性重导入-类目差额补漏""}",fd81ab6a-8425-4e41-b9fe-a980a9829f3a,dab194db-6fdd-410f-ac68-611f11a443a8,543,draft,小陈制袋,中包袋46*43+8,294,1400,543,Y
楚逸织带 | 运费 | 23 | 0,2,c50c2349-ae2b-4379-a42f-2af1e785542b,b73d8e1b-7991-4306-aacb-caf3c4f561a8,BO-202607-0059,draft,楚逸织带,运费,23,0,"{""sheet"":""527"",""note"":""纠正性重导入-类目差额补漏""}",725c1cf7-0291-4172-9a68-b63287429bd8,c3e11ec6-1826-43f6-a6ab-7a1c65565db5,527,draft,楚逸织带,运费,23,0,527,Y
中阳烫标 | 烫标 | 10.98 | 122,2,c56abc96-f5ac-4f94-b40c-ea62f9861bad,896c0189-ca9c-4850-a59c-3119585c93d2,BO-202607-0057,draft,中阳烫标,烫标,10.98,122,"{""sheet"":""543B"",""note"":""纠正性重导入-类目差额补漏""}",e5c620ca-ec3f-48e7-b38e-7a566a1ac94b,d3b7cdd6-c01d-4590-b3cc-312dbeaff59b,543B,draft,中阳烫标,烫标,10.98,122,543B,Y
顺龙拉链 | 染色费 | 450 | 3,2,ca548a07-6876-445e-8902-eee02e06695d,b73d8e1b-7991-4306-aacb-caf3c4f561a8,BO-202607-0059,draft,顺龙拉链,染色费,450,3,"{""sheet"":""527"",""note"":""纠正性重导入-类目差额补漏""}",db32f0f1-735d-4fc7-b08a-8b23fafdbe1b,c3e11ec6-1826-43f6-a6ab-7a1c65565db5,527,draft,顺龙拉链,染色费,450,3,527,Y
旺泽布行 | 黑色 | 130418.4 | 5434.1,2,cad47b27-1e08-489e-b211-f659f7d6a2be,50dc6eae-0366-4c1a-867a-4992725b22a5,BO-202607-0055,draft,旺泽布行,黑色,130418.4,5434.1,"{""sheet"":""544"",""note"":""纠正性重导入-类目差额补漏""}",1e4b32ae-d969-415a-883b-70013f160381,39cbf523-912f-4fe7-a880-35927da2cda8,544,draft,旺泽布行,黑色,130418.4,5434.1,544,Y
优彩包装 | COZY PANT圆形吊牌 | 1386.2 | 69310,2,cb67afa7-0d70-4256-af31-d57ada7a046a,a5b2ee36-94a4-41de-a1aa-4718a2124d09,BO-202607-0053,draft,优彩包装,COZY PANT圆形吊牌,1386.2,69310,"{""sheet"":""545"",""note"":""纠正性重导入-类目差额补漏""}",e3456ac5-81d9-472b-9f33-e5539f3aa0d1,a1ee9913-708a-4ce9-b654-1162fa1dfe5e,545,draft,优彩包装,COZY PANT圆形吊牌,1386.2,69310,545,Y
纺冠网纱 | 网纱 | 286.37 | 0,7,cc3430a8-33e4-45db-b828-c3f7525ac150,04ef2853-98a1-4d72-9c10-57f39a51d8e7,BO-202604-0003,approved,纺冠网纱,网纱,286.37,0,"{""sheet"":""511B"",""note"":""纠正性重导入-类目差额补漏""}",21e9cc74-f0f1-4ff3-8936-fc8677126973,271e6762-4391-46f4-8be8-d463ab49932d,533B,draft,纺冠网纱,网纱,286.37,0,533B,Y
纺冠网纱 | 网纱 | 286.37 | 0,7,cc3430a8-33e4-45db-b828-c3f7525ac150,04ef2853-98a1-4d72-9c10-57f39a51d8e7,BO-202604-0003,approved,纺冠网纱,网纱,286.37,0,"{""sheet"":""511B"",""note"":""纠正性重导入-类目差额补漏""}",25607b21-3d36-4af5-b8fa-e993630b6a3d,a9b4fe11-147a-48a8-8270-dd74c66586da,512B订单,draft,纺冠网纱,网纱,286.37,0,512B,Y
纺冠网纱 | 网纱 | 286.37 | 0,7,cc3430a8-33e4-45db-b828-c3f7525ac150,04ef2853-98a1-4d72-9c10-57f39a51d8e7,BO-202604-0003,approved,纺冠网纱,网纱,286.37,0,"{""sheet"":""511B"",""note"":""纠正性重导入-类目差额补漏""}",26b3d2b8-d97d-42f0-95bb-94f12e912328,f3025c58-724f-44ae-8699-3bd60c4ba159,534B订单,draft,纺冠网纱,网纱,286.37,0,534B,Y
纺冠网纱 | 网纱 | 286.37 | 0,7,cc3430a8-33e4-45db-b828-c3f7525ac150,04ef2853-98a1-4d72-9c10-57f39a51d8e7,BO-202604-0003,approved,纺冠网纱,网纱,286.37,0,"{""sheet"":""511B"",""note"":""纠正性重导入-类目差额补漏""}",47d4382c-af0f-4279-a948-2a77d7dedef3,63e892b3-bead-4019-8e32-40ac61c318f0,531订单,draft,纺冠网纱,网纱,286.37,0,531,Y
纺冠网纱 | 网纱 | 286.37 | 0,7,cc3430a8-33e4-45db-b828-c3f7525ac150,04ef2853-98a1-4d72-9c10-57f39a51d8e7,BO-202604-0003,approved,纺冠网纱,网纱,286.37,0,"{""sheet"":""511B"",""note"":""纠正性重导入-类目差额补漏""}",649d05ea-2d5a-4544-a2f1-ad4668e05e83,3b213237-a04d-49e6-9916-b92dfdfe5fa1,511B,draft,纺冠网纱,网纱,286.37,0,511B,Y
纺冠网纱 | 网纱 | 286.37 | 0,7,cc3430a8-33e4-45db-b828-c3f7525ac150,04ef2853-98a1-4d72-9c10-57f39a51d8e7,BO-202604-0003,approved,纺冠网纱,网纱,286.37,0,"{""sheet"":""511B"",""note"":""纠正性重导入-类目差额补漏""}",e06d86f0-5f13-484c-b489-ce1b4d6a7cb5,3786d61a-be1a-44a9-8f82-36629a44795b,534订单,draft,纺冠网纱,网纱,286.37,0,534,Y
小陈制袋 | 挂衣带 | 712 | 882,2,cfb4382c-586b-4f81-a547-0fd330e5693a,896c0189-ca9c-4850-a59c-3119585c93d2,BO-202607-0057,draft,小陈制袋,挂衣带,712,882,"{""sheet"":""543B"",""note"":""纠正性重导入-类目差额补漏""}",e6ddb961-b8e7-4ab0-aee2-1db738a6b455,d3b7cdd6-c01d-4590-b3cc-312dbeaff59b,543B,draft,小陈制袋,挂衣带,712,882,543B,Y
优彩包装 | 24款吊牌 | 4565.38 | 63408,2,cfbd5209-cfcf-4458-887e-f257e71ebe30,c32efeb8-2f55-4976-8aa1-e5d6c113509c,BO-202607-0056,draft,优彩包装,24款吊牌,4565.38,63408,"{""sheet"":""542"",""note"":""纠正性重导入-类目差额补漏""}",595dbe1a-054f-48eb-b39f-8745a70c1a4d,8fb1bf1c-cb67-4851-bb25-bf7727293dc8,542,draft,优彩包装,24款吊牌,4565.38,63408,542,Y
优彩包装 | 4款腰卡 | 971.36 | 18680,2,d04ac1e8-5cf6-4a27-a998-5234be263433,50dc6eae-0366-4c1a-867a-4992725b22a5,BO-202607-0055,draft,优彩包装,4款腰卡,971.36,18680,"{""sheet"":""544"",""note"":""纠正性重导入-类目差额补漏""}",78c254b3-7ebb-49c7-a497-1b2d40b3eea9,39cbf523-912f-4fe7-a880-35927da2cda8,544,draft,优彩包装,4款腰卡,971.36,18680,544,Y
荣辰纸箱 | 纸箱55*36*48 | 1010.6 | 163,2,d085df34-f4d3-4009-992a-bf4444e1bcd8,772f9be2-7dab-405d-a374-2cd36646315c,BO-202607-0058,draft,荣辰纸箱,纸箱55*36*48,1010.6,163,"{""sheet"":""543"",""note"":""纠正性重导入-类目差额补漏""}",63d7ee42-fde8-4252-a21c-acfb11054851,dab194db-6fdd-410f-ac68-611f11a443a8,543,draft,荣辰纸箱,纸箱55*36*48,1010.6,163,543,Y
佳荣织带 | 织带和染色费 | 1492.04 | 0,2,d0ca5432-d7cd-43f0-83f6-9c3c3853d8bf,b3d428de-1f20-46ff-9ea8-34062f60f990,BO-202604-0068,approved,佳荣织带,织带和染色费,1492.04,0,"{""sheet"":""510"",""note"":""纠正性重导入-类目差额补漏""}",8a0f9da1-cfa0-4ab3-8d1f-46fea08389a3,ed08b921-c4d1-45ca-ac82-f5ca4733e6ae,510,draft,佳荣织带,织带和染色费,1492.04,0,510,Y
 | CI-57货代费 | 2510.65 | 0,2,d457dbcf-c9d1-40ee-8bb0-7c8cf76d74b0,20ba2afd-afdb-42d4-8b41-f86dc37f8eee,BO-202604-0018,draft,,CI-57货代费,2510.65,0,"{""sheet"":""518"",""note"":""纠正性重导入-类目差额补漏""}",219992b9-7e21-401e-b89d-6b4af19d69ca,eabb1b9c-1a21-4cb3-b496-44a5c81e67d3,518,draft,,CI-57货代费,2510.65,0,518,Y
华航布行 | 绯紫 | 12774.6 | 543.6,2,d8d3cd54-2b28-4be8-87fc-8bd7a058b385,b73d8e1b-7991-4306-aacb-caf3c4f561a8,BO-202607-0059,draft,华航布行,绯紫,12774.6,543.6,"{""sheet"":""527"",""note"":""纠正性重导入-类目差额补漏""}",30b55997-0f9c-42f9-ab4f-5bda2400f176,c3e11ec6-1826-43f6-a6ab-7a1c65565db5,527,draft,华航布行,绯紫,12774.6,543.6,527,Y
优彩包装 | 主吊牌 | 3812.05 | 69310,2,dcf55c91-b2c8-495d-9c3a-cfae4573c31a,a5b2ee36-94a4-41de-a1aa-4718a2124d09,BO-202607-0053,draft,优彩包装,主吊牌,3812.05,69310,"{""sheet"":""545"",""note"":""纠正性重导入-类目差额补漏""}",8776c8d9-281d-412a-9f21-ad9de21d3b05,a1ee9913-708a-4ce9-b654-1162fa1dfe5e,545,draft,优彩包装,主吊牌,3812.05,69310,545,Y
优彩包装 | UV通用主吊卡 | 1210 | 22000,2,e22dc608-7959-431d-9a7e-9b295295ca96,50dc6eae-0366-4c1a-867a-4992725b22a5,BO-202607-0055,draft,优彩包装,UV通用主吊卡,1210,22000,"{""sheet"":""544"",""note"":""纠正性重导入-类目差额补漏""}",fd2deca9-285e-4d99-95c3-69fbe8559e68,39cbf523-912f-4fe7-a880-35927da2cda8,544,draft,优彩包装,UV通用主吊卡,1210,22000,544,Y
纺冠网纱 | 黑色网纱 | 2648.6 | 101.87,3,e7c511f8-c8e3-4ead-aa0c-c21bb67f2baf,a5b2ee36-94a4-41de-a1aa-4718a2124d09,BO-202607-0053,draft,纺冠网纱,黑色网纱,2648.6,101.87,"{""sheet"":""545"",""note"":""纠正性重导入-类目差额补漏""}",43b285b5-44ae-4634-b17b-a299cb047d0f,a1ee9913-708a-4ce9-b654-1162fa1dfe5e,545,draft,纺冠网纱,黑色网纱,2648.6,101.87,545,Y
纺冠网纱 | 黑色网纱 | 2648.6 | 101.87,3,e7c511f8-c8e3-4ead-aa0c-c21bb67f2baf,a5b2ee36-94a4-41de-a1aa-4718a2124d09,BO-202607-0053,draft,纺冠网纱,黑色网纱,2648.6,101.87,"{""sheet"":""545"",""note"":""纠正性重导入-类目差额补漏""}",8c996145-09f0-4c89-bcf6-ee3eb299c60e,39cbf523-912f-4fe7-a880-35927da2cda8,544,draft,纺冠网纱,黑色网纱,2648.6,101.87,544,Y
顺龙拉链 | 3号绿色拉链 | 474.62 | 2498,2,e892e9d6-58ec-4ea7-ba44-67dd08d7fe8f,b73d8e1b-7991-4306-aacb-caf3c4f561a8,BO-202607-0059,draft,顺龙拉链,3号绿色拉链,474.62,2498,"{""sheet"":""527"",""note"":""纠正性重导入-类目差额补漏""}",784db6e9-f3fd-4e50-94de-5df65b6d1964,c3e11ec6-1826-43f6-a6ab-7a1c65565db5,527,draft,顺龙拉链,3号绿色拉链,474.62,2498,527,Y
荣辰纸箱 | 天地盖 | 240 | 1600,2,e8d65d20-3436-4a64-a05f-7c0ea176abdf,9dd2b839-70a2-417e-8108-82d58b06b403,BO-202607-0054,draft,荣辰纸箱,天地盖,240,1600,"{""sheet"":""544B"",""note"":""纠正性重导入-类目差额补漏""}",8d23457c-1e99-4780-aff1-6c6728ff180e,8388b1a2-7993-4650-8085-402eb3029616,544B,draft,荣辰纸箱,天地盖,240,1600,544B,Y
傲狐服饰 | 0609P21-00喇叭裤 | 17952 | 2640,2,ea661eb2-dbb9-4197-acfa-402c77f69b27,50dc6eae-0366-4c1a-867a-4992725b22a5,BO-202607-0055,draft,傲狐服饰,0609P21-00喇叭裤,17952,2640,"{""sheet"":""544"",""note"":""纠正性重导入-类目差额补漏""}",20d03b08-b4bb-471f-a44d-aa536f185fda,39cbf523-912f-4fe7-a880-35927da2cda8,544,draft,傲狐服饰,0609P21-00喇叭裤,17952,2640,544,Y
优彩包装 | 12款腰卡 | 1937.09 | 26904,2,eb664fad-aa0c-484f-a216-590c6f02a5ea,5ebce63e-6067-4e0a-89ee-1cf91ea87854,BO-202607-0060,draft,优彩包装,12款腰卡,1937.09,26904,"{""sheet"":""540"",""note"":""纠正性重导入-类目差额补漏""}",c40b1a09-b988-4bab-b58f-2de2dd79fcc3,dbe9d8e6-49c6-4ff7-9491-48c8220582b7,540,draft,优彩包装,12款腰卡,1937.09,26904,540,Y
优彩包装 | 4款吊牌 | 760.9 | 10568,2,eb770620-8993-44ce-9b38-fafc9d3bd40d,896c0189-ca9c-4850-a59c-3119585c93d2,BO-202607-0057,draft,优彩包装,4款吊牌,760.9,10568,"{""sheet"":""543B"",""note"":""纠正性重导入-类目差额补漏""}",606bf6f4-75bd-4bca-9a26-ef0f97faa660,d3b7cdd6-c01d-4590-b3cc-312dbeaff59b,543B,draft,优彩包装,4款吊牌,760.9,10568,543B,Y
荣辰纸箱 | 纸箱65*42*33 | 1404 | 216,2,ebf5cfd5-b782-4e34-ae3f-a3798d57eddf,896c0189-ca9c-4850-a59c-3119585c93d2,BO-202607-0057,draft,荣辰纸箱,纸箱65*42*33,1404,216,"{""sheet"":""543B"",""note"":""纠正性重导入-类目差额补漏""}",4fa88f09-7902-4f08-bce6-ce41da1084d7,d3b7cdd6-c01d-4590-b3cc-312dbeaff59b,543B,draft,荣辰纸箱,纸箱65*42*33,1404,216,543B,Y
傲狐服饰 | 0203KS07-00134 | 38140.8 | 3288,3,ed6e8d73-05fe-495a-a8fe-5fd87b73bdd2,5ebce63e-6067-4e0a-89ee-1cf91ea87854,BO-202607-0060,draft,傲狐服饰,0203KS07-00134,38140.8,3288,"{""sheet"":""540"",""note"":""纠正性重导入-类目差额补漏""}",d0989f70-db75-4b5e-872a-88f67eaf7544,90844c4b-c639-4b93-8dd4-37d5c4552576,Invoice69（1022935订单）,draft,傲狐服饰,0203KS07-00134,38140.8,3288,Invoice69（1022935订单）,Y
傲狐服饰 | 0203KS07-00134 | 38140.8 | 3288,3,ed6e8d73-05fe-495a-a8fe-5fd87b73bdd2,5ebce63e-6067-4e0a-89ee-1cf91ea87854,BO-202607-0060,draft,傲狐服饰,0203KS07-00134,38140.8,3288,"{""sheet"":""540"",""note"":""纠正性重导入-类目差额补漏""}",ea2f3277-0ed9-4c6f-9777-1508652a610d,dbe9d8e6-49c6-4ff7-9491-48c8220582b7,540,draft,傲狐服饰,0203KS07-00134,38140.8,3288,540,Y
 | 物流费 | 2000 | 0,3,f18c2ebe-5acb-408f-bf3b-da57568f44f4,c32efeb8-2f55-4976-8aa1-e5d6c113509c,BO-202607-0056,draft,,物流费,2000,0,"{""sheet"":""542"",""note"":""纠正性重导入-类目差额补漏""}",2b20168b-a00a-417d-8159-013c1db10277,bb6313f6-a5df-4466-9bb4-1866e80dc25e,491,draft,,物流费,2000,0,491,Y
 | 物流费 | 2000 | 0,3,f18c2ebe-5acb-408f-bf3b-da57568f44f4,c32efeb8-2f55-4976-8aa1-e5d6c113509c,BO-202607-0056,draft,,物流费,2000,0,"{""sheet"":""542"",""note"":""纠正性重导入-类目差额补漏""}",fe876b33-92b8-463d-8aa4-ce1e255014ba,8fb1bf1c-cb67-4851-bb25-bf7727293dc8,542,draft,,物流费,2000,0,542,Y
中阳烫标 | 烫标 | 5609.52 | 62328,2,f308e6a2-9f0e-406b-bb8a-260d2a4f25db,c32efeb8-2f55-4976-8aa1-e5d6c113509c,BO-202607-0056,draft,中阳烫标,烫标,5609.52,62328,"{""sheet"":""542"",""note"":""纠正性重导入-类目差额补漏""}",6d79fb76-92eb-4a15-8443-a7c665299595,8fb1bf1c-cb67-4851-bb25-bf7727293dc8,542,draft,中阳烫标,烫标,5609.52,62328,542,Y
傲狐服饰 | 0107KL07-00235 | 74649.6 | 5184,2,f44cd1de-4996-4fcf-8276-e70054c9b30b,c32efeb8-2f55-4976-8aa1-e5d6c113509c,BO-202607-0056,draft,傲狐服饰,0107KL07-00235,74649.6,5184,"{""sheet"":""542"",""note"":""纠正性重导入-类目差额补漏""}",3fb94393-e0ce-4096-9cc2-6a4048599edd,8fb1bf1c-cb67-4851-bb25-bf7727293dc8,542,draft,傲狐服饰,0107KL07-00235,74649.6,5184,542,Y
顺龙拉链 | 3号黑色拉链 | 1849.65 | 9735,2,f8c1b418-6f86-4ef8-83de-83499bf9578b,b73d8e1b-7991-4306-aacb-caf3c4f561a8,BO-202607-0059,draft,顺龙拉链,3号黑色拉链,1849.65,9735,"{""sheet"":""527"",""note"":""纠正性重导入-类目差额补漏""}",411ae195-15a1-43d0-acfe-be4758a1c276,c3e11ec6-1826-43f6-a6ab-7a1c65565db5,527,draft,顺龙拉链,3号黑色拉链,1849.65,9735,527,Y
小陈制袋 | 中包袋46*43+8 | 2415 | 11500,2,fa697e62-57a9-4ef2-998f-4fbd7dddfc71,a5b2ee36-94a4-41de-a1aa-4718a2124d09,BO-202607-0053,draft,小陈制袋,中包袋46*43+8,2415,11500,"{""sheet"":""545"",""note"":""纠正性重导入-类目差额补漏""}",c76cdb9b-dba9-4266-a46c-397436bb784f,a1ee9913-708a-4ce9-b654-1162fa1dfe5e,545,draft,小陈制袋,中包袋46*43+8,2415,11500,545,Y
